{
    "rmse": 0.006010851522760638,
    "mean": 0.005804980497760642,
    "median": 0.0054357486373277485,
    "std": 0.0015596594016939987,
    "min": 0.0038173240752305444,
    "max": 0.008088680430785092,
    "sse": 0.0001806516801433694
}