{
    "rmse": 0.006174959211808586,
    "mean": 0.00593785179261447,
    "median": 0.0063548516714636545,
    "std": 0.0016947086346758406,
    "min": 0.003289742129920711,
    "max": 0.008270818567912024,
    "sse": 0.0001906506063374986
}