{
    "rmse": 0.0058718183498182525,
    "mean": 0.005681059418002338,
    "median": 0.006527441792000592,
    "std": 0.0014845250494313928,
    "min": 0.0037720277992565132,
    "max": 0.007203368404152099,
    "sse": 0.00017239125366631173
}