{
    "rmse": 0.029102643089399492,
    "mean": 0.02536752509008345,
    "median": 0.02148066955538162,
    "std": 0.014263677842441572,
    "min": 0.008624090969331097,
    "max": 0.06379250076160271,
    "sse": 0.012704457521834581
}