{
    "rmse": 0.010394805401842486,
    "mean": 0.009743101965582819,
    "median": 0.009921594024476534,
    "std": 0.0036226983631583113,
    "min": 0.004607027711879117,
    "max": 0.016315966395699457,
    "sse": 0.0010805197934217372
}