{
    "rmse": 0.007198201518620583,
    "mean": 0.006634938134732651,
    "median": 0.005119641560479028,
    "std": 0.002791361863130981,
    "min": 0.004490854052819661,
    "max": 0.012005711249726958,
    "sse": 0.0002590705255133583
}