{
    "rmse": 0.007960820967756266,
    "mean": 0.007409725753224243,
    "median": 0.006265434633122821,
    "std": 0.0029104354902098847,
    "min": 0.00458644158597215,
    "max": 0.012949780872062562,
    "sse": 0.0003168733524033391
}