{
    "rmse": 0.007553401535197347,
    "mean": 0.0072407912574156495,
    "median": 0.007421164786389373,
    "std": 0.0021505387042447615,
    "min": 0.004878323162360757,
    "max": 0.010524695985958767,
    "sse": 0.00028526937375960817
}