{
    "rmse": 0.006443284208449595,
    "mean": 0.0060911967806387005,
    "median": 0.006430896755244678,
    "std": 0.00210076966143189,
    "min": 0.003484032457915427,
    "max": 0.009236413096040756,
    "sse": 0.00020757955695427962
}