{
    "rmse": 0.005653625739548063,
    "mean": 0.005516703179453403,
    "median": 0.0050813300594522316,
    "std": 0.0012367174425425963,
    "min": 0.0037281827027167633,
    "max": 0.007237200492764419,
    "sse": 0.00015981742001440195
}